individual;flower;pollen_on_stigma;pollinaria_removed;pollinaria_remaining
1;1;0;2;0
1;2;1;2;0
1;3;1;1;1
1;4;0;2;0
1;5;0;1;1
1;6;0;0;2
1;7;0;0;2
1;8;NA;NA;NA
1;9;NA;NA;NA
1;10;NA;NA;NA
1;11;NA;NA;NA
1;12;NA;NA;NA
1;13;NA;NA;NA
1;14;NA;NA;NA
2;1;0;0;2
2;2;0;2;0
2;3;0;2;0
2;4;0;0;2
2;5;NA;NA;NA
2;6;NA;NA;NA
2;7;NA;NA;NA
2;8;NA;NA;NA
2;9;NA;NA;NA
2;10;NA;NA;NA
2;11;NA;NA;NA
2;12;NA;NA;NA
2;13;NA;NA;NA
2;14;NA;NA;NA
3;1;0;0;2
3;2;0;0;2
3;3;0;0;2
3;4;NA;NA;NA
3;5;NA;NA;NA
3;6;NA;NA;NA
3;7;NA;NA;NA
3;8;NA;NA;NA
3;9;NA;NA;NA
3;10;NA;NA;NA
3;11;NA;NA;NA
3;12;NA;NA;NA
3;13;NA;NA;NA
3;14;NA;NA;NA
4;1;0;0;2
4;2;0;0;2
4;3;0;0;2
4;4;NA;NA;NA
4;5;NA;NA;NA
4;6;NA;NA;NA
4;7;NA;NA;NA
4;8;NA;NA;NA
4;9;NA;NA;NA
4;10;NA;NA;NA
4;11;NA;NA;NA
4;12;NA;NA;NA
4;13;NA;NA;NA
4;14;NA;NA;NA
5;1;0;2;0
5;2;0;0;2
5;3;0;0;2
5;4;0;0;2
5;5;0;0;2
5;6;NA;NA;NA
5;7;NA;NA;NA
5;8;NA;NA;NA
5;9;NA;NA;NA
5;10;NA;NA;NA
5;11;NA;NA;NA
5;12;NA;NA;NA
5;13;NA;NA;NA
5;14;NA;NA;NA
6;1;0;2;0
6;2;1;2;0
6;3;0;2;0
6;4;0;0;2
6;5;0;0;2
6;6;NA;NA;NA
6;7;NA;NA;NA
6;8;NA;NA;NA
6;9;NA;NA;NA
6;10;NA;NA;NA
6;11;NA;NA;NA
6;12;NA;NA;NA
6;13;NA;NA;NA
6;14;NA;NA;NA
7;1;0;0;2
7;2;0;0;2
7;3;NA;NA;NA
7;4;NA;NA;NA
7;5;NA;NA;NA
7;6;NA;NA;NA
7;7;NA;NA;NA
7;8;NA;NA;NA
7;9;NA;NA;NA
7;10;NA;NA;NA
7;11;NA;NA;NA
7;12;NA;NA;NA
7;13;NA;NA;NA
7;14;NA;NA;NA
8;1;0;2;0
8;2;0;2;0
8;3;0;2;0
8;4;0;2;0
8;5;0;2;0
8;6;0;0;2
8;7;0;0;2
8;8;0;0;2
8;9;NA;NA;NA
8;10;NA;NA;NA
8;11;NA;NA;NA
8;12;NA;NA;NA
8;13;NA;NA;NA
8;14;NA;NA;NA
9;1;0;0;2
9;2;0;0;2
9;3;0;0;2
9;4;NA;NA;NA
9;5;NA;NA;NA
9;6;NA;NA;NA
9;7;NA;NA;NA
9;8;NA;NA;NA
9;9;NA;NA;NA
9;10;NA;NA;NA
9;11;NA;NA;NA
9;12;NA;NA;NA
9;13;NA;NA;NA
9;14;NA;NA;NA
10;1;0;0;2
10;2;0;0;2
10;3;0;0;2
10;4;0;0;2
10;5;0;0;2
10;6;NA;NA;NA
10;7;NA;NA;NA
10;8;NA;NA;NA
10;9;NA;NA;NA
10;10;NA;NA;NA
10;11;NA;NA;NA
10;12;NA;NA;NA
10;13;NA;NA;NA
10;14;NA;NA;NA
11;1;0;0;2
11;2;0;0;2
11;3;0;0;2
11;4;NA;NA;NA
11;5;NA;NA;NA
11;6;NA;NA;NA
11;7;NA;NA;NA
11;8;NA;NA;NA
11;9;NA;NA;NA
11;10;NA;NA;NA
11;11;NA;NA;NA
11;12;NA;NA;NA
11;13;NA;NA;NA
11;14;NA;NA;NA
12;1;1;2;0
12;2;0;1;1
12;3;0;0;2
12;4;0;0;2
12;5;NA;NA;NA
12;6;NA;NA;NA
12;7;NA;NA;NA
12;8;NA;NA;NA
12;9;NA;NA;NA
12;10;NA;NA;NA
12;11;NA;NA;NA
12;12;NA;NA;NA
12;13;NA;NA;NA
12;14;NA;NA;NA
13;1;0;2;0
13;2;0;2;0
13;3;0;0;2
13;4;0;0;2
13;5;NA;NA;NA
13;6;NA;NA;NA
13;7;NA;NA;NA
13;8;NA;NA;NA
13;9;NA;NA;NA
13;10;NA;NA;NA
13;11;NA;NA;NA
13;12;NA;NA;NA
13;13;NA;NA;NA
13;14;NA;NA;NA
14;1;0;1;1
14;2;0;0;2
14;3;0;0;2
14;4;NA;NA;NA
14;5;NA;NA;NA
14;6;NA;NA;NA
14;7;NA;NA;NA
14;8;NA;NA;NA
14;9;NA;NA;NA
14;10;NA;NA;NA
14;11;NA;NA;NA
14;12;NA;NA;NA
14;13;NA;NA;NA
14;14;NA;NA;NA
15;1;0;0;2
15;2;0;0;2
15;3;NA;NA;NA
15;4;NA;NA;NA
15;5;NA;NA;NA
15;6;NA;NA;NA
15;7;NA;NA;NA
15;8;NA;NA;NA
15;9;NA;NA;NA
15;10;NA;NA;NA
15;11;NA;NA;NA
15;12;NA;NA;NA
15;13;NA;NA;NA
15;14;NA;NA;NA
16;1;0;2;0
16;2;1;0;2
16;3;0;2;0
16;4;0;0;2
16;5;0;0;2
16;6;0;2;0
16;7;0;0;2
16;8;NA;NA;NA
16;9;NA;NA;NA
16;10;NA;NA;NA
16;11;NA;NA;NA
16;12;NA;NA;NA
16;13;NA;NA;NA
16;14;NA;NA;NA
17;1;0;0;2
17;2;0;0;2
17;3;0;0;2
17;4;NA;NA;NA
17;5;NA;NA;NA
17;6;NA;NA;NA
17;7;NA;NA;NA
17;8;NA;NA;NA
17;9;NA;NA;NA
17;10;NA;NA;NA
17;11;NA;NA;NA
17;12;NA;NA;NA
17;13;NA;NA;NA
17;14;NA;NA;NA
18;1;0;2;0
18;2;0;0;2
18;3;0;0;2
18;4;0;1;1
18;5;0;0;2
18;6;NA;NA;NA
18;7;NA;NA;NA
18;8;NA;NA;NA
18;9;NA;NA;NA
18;10;NA;NA;NA
18;11;NA;NA;NA
18;12;NA;NA;NA
18;13;NA;NA;NA
18;14;NA;NA;NA
19;1;1;2;0
19;2;1;2;0
19;3;1;2;0
19;4;0;2;0
19;5;0;2;0
19;6;0;0;2
19;7;0;0;2
19;8;NA;NA;NA
19;9;NA;NA;NA
19;10;NA;NA;NA
19;11;NA;NA;NA
19;12;NA;NA;NA
19;13;NA;NA;NA
19;14;NA;NA;NA
20;1;0;0;2
20;2;0;0;2
20;3;0;0;2
20;4;0;0;2
20;5;NA;NA;NA
20;6;NA;NA;NA
20;7;NA;NA;NA
20;8;NA;NA;NA
20;9;NA;NA;NA
20;10;NA;NA;NA
20;11;NA;NA;NA
20;12;NA;NA;NA
20;13;NA;NA;NA
20;14;NA;NA;NA
21;1;0;0;2
21;2;0;0;2
21;3;0;0;2
21;4;0;0;2
21;5;1;2;0
21;6;0;0;2
21;7;NA;NA;NA
21;8;NA;NA;NA
21;9;NA;NA;NA
21;10;NA;NA;NA
21;11;NA;NA;NA
21;12;NA;NA;NA
21;13;NA;NA;NA
21;14;NA;NA;NA
22;1;0;0;2
22;2;NA;NA;NA
22;3;NA;NA;NA
22;4;NA;NA;NA
22;5;NA;NA;NA
22;6;NA;NA;NA
22;7;NA;NA;NA
22;8;NA;NA;NA
22;9;NA;NA;NA
22;10;NA;NA;NA
22;11;NA;NA;NA
22;12;NA;NA;NA
22;13;NA;NA;NA
22;14;NA;NA;NA
23;1;0;2;0
23;2;1;2;0
23;3;0;0;2
23;4;0;0;2
23;5;0;0;2
23;6;NA;NA;NA
23;7;NA;NA;NA
23;8;NA;NA;NA
23;9;NA;NA;NA
23;10;NA;NA;NA
23;11;NA;NA;NA
23;12;NA;NA;NA
23;13;NA;NA;NA
23;14;NA;NA;NA
24;1;0;0;2
24;2;0;0;2
24;3;0;0;2
24;4;NA;NA;NA
24;5;NA;NA;NA
24;6;NA;NA;NA
24;7;NA;NA;NA
24;8;NA;NA;NA
24;9;NA;NA;NA
24;10;NA;NA;NA
24;11;NA;NA;NA
24;12;NA;NA;NA
24;13;NA;NA;NA
24;14;NA;NA;NA
25;1;1;2;0
25;2;0;1;1
25;3;0;0;2
25;4;0;0;2
25;5;0;0;2
25;6;NA;NA;NA
25;7;NA;NA;NA
25;8;NA;NA;NA
25;9;NA;NA;NA
25;10;NA;NA;NA
25;11;NA;NA;NA
25;12;NA;NA;NA
25;13;NA;NA;NA
25;14;NA;NA;NA
26;1;0;0;2
26;2;0;0;2
26;3;0;0;2
26;4;0;0;2
26;5;0;0;2
26;6;NA;NA;NA
26;7;NA;NA;NA
26;8;NA;NA;NA
26;9;NA;NA;NA
26;10;NA;NA;NA
26;11;NA;NA;NA
26;12;NA;NA;NA
26;13;NA;NA;NA
26;14;NA;NA;NA
27;1;0;2;0
27;2;0;0;2
27;3;0;2;0
27;4;0;0;2
27;5;0;0;2
27;6;NA;NA;NA
27;7;NA;NA;NA
27;8;NA;NA;NA
27;9;NA;NA;NA
27;10;NA;NA;NA
27;11;NA;NA;NA
27;12;NA;NA;NA
27;13;NA;NA;NA
27;14;NA;NA;NA
28;1;0;2;0
28;2;1;2;0
28;3;0;2;0
28;4;1;2;0
28;5;0;0;2
28;6;1;2;0
28;7;0;0;2
28;8;0;0;2
28;9;0;0;2
28;10;0;0;2
28;11;0;0;2
28;12;0;0;2
28;13;NA;NA;NA
28;14;NA;NA;NA
29;1;0;0;2
29;2;0;0;2
29;3;0;0;2
29;4;0;0;2
29;5;NA;NA;NA
29;6;NA;NA;NA
29;7;NA;NA;NA
29;8;NA;NA;NA
29;9;NA;NA;NA
29;10;NA;NA;NA
29;11;NA;NA;NA
29;12;NA;NA;NA
29;13;NA;NA;NA
29;14;NA;NA;NA
30;1;0;0;2
30;2;1;2;0
30;3;0;0;2
30;4;NA;NA;NA
30;5;NA;NA;NA
30;6;NA;NA;NA
30;7;NA;NA;NA
30;8;NA;NA;NA
30;9;NA;NA;NA
30;10;NA;NA;NA
30;11;NA;NA;NA
30;12;NA;NA;NA
30;13;NA;NA;NA
30;14;NA;NA;NA
31;1;0;2;0
31;2;1;2;0
31;3;1;1;1
31;4;NA;NA;NA
31;5;NA;NA;NA
31;6;NA;NA;NA
31;7;NA;NA;NA
31;8;NA;NA;NA
31;9;NA;NA;NA
31;10;NA;NA;NA
31;11;NA;NA;NA
31;12;NA;NA;NA
31;13;NA;NA;NA
31;14;NA;NA;NA
32;1;1;2;0
32;2;0;2;0
32;3;0;2;0
32;4;0;0;2
32;5;0;0;2
32;6;NA;NA;NA
32;7;NA;NA;NA
32;8;NA;NA;NA
32;9;NA;NA;NA
32;10;NA;NA;NA
32;11;NA;NA;NA
32;12;NA;NA;NA
32;13;NA;NA;NA
32;14;NA;NA;NA
33;1;1;2;0
33;2;1;2;0
33;3;1;2;0
33;4;1;2;0
33;5;1;2;0
33;6;1;2;0
33;7;1;2;0
33;8;0;2;0
33;9;0;0;2
33;10;0;0;2
33;11;NA;NA;NA
33;12;NA;NA;NA
33;13;NA;NA;NA
33;14;NA;NA;NA
34;1;0;2;0
34;2;1;0;2
34;3;0;0;2
34;4;0;0;2
34;5;0;0;2
34;6;0;0;2
34;7;0;0;2
34;8;NA;NA;NA
34;9;NA;NA;NA
34;10;NA;NA;NA
34;11;NA;NA;NA
34;12;NA;NA;NA
34;13;NA;NA;NA
34;14;NA;NA;NA
35;1;0;2;0
35;2;0;0;2
35;3;0;0;2
35;4;NA;NA;NA
35;5;NA;NA;NA
35;6;NA;NA;NA
35;7;NA;NA;NA
35;8;NA;NA;NA
35;9;NA;NA;NA
35;10;NA;NA;NA
35;11;NA;NA;NA
35;12;NA;NA;NA
35;13;NA;NA;NA
36;14;NA;NA;NA
36;1;0;0;2
36;2;0;0;2
36;3;1;1;1
36;4;0;0;2
36;5;0;0;2
36;6;NA;NA;NA
36;7;NA;NA;NA
36;8;NA;NA;NA
36;9;NA;NA;NA
36;10;NA;NA;NA
36;11;NA;NA;NA
36;12;NA;NA;NA
36;13;NA;NA;NA
36;14;NA;NA;NA
37;1;0;2;0
37;2;1;2;0
37;3;1;2;0
37;4;0;2;0
37;5;1;2;0
37;6;1;0;2
37;7;1;0;2
37;8;1;1;1
37;9;0;0;2
37;10;0;0;2
37;11;NA;NA;NA
37;12;NA;NA;NA
37;13;NA;NA;NA
37;14;NA;NA;NA
38;1;0;2;0
38;2;1;2;0
38;3;1;2;0
38;4;0;0;2
38;5;1;2;0
38;6;0;2;0
38;7;0;0;2
38;8;0;0;2
38;9;NA;NA;NA
38;10;NA;NA;NA
38;11;NA;NA;NA
38;12;NA;NA;NA
38;13;NA;NA;NA
38;14;NA;NA;NA
39;1;0;0;2
39;2;0;0;2
39;3;0;2;0
39;4;1;0;2
39;5;1;1;1
39;6;0;0;2
39;7;0;0;2
39;8;NA;NA;NA
39;9;NA;NA;NA
39;10;NA;NA;NA
39;11;NA;NA;NA
39;12;NA;NA;NA
39;13;NA;NA;NA
39;14;NA;NA;NA
40;1;0;2;0
40;2;0;0;2
40;3;0;0;2
40;4;0;0;2
40;5;0;0;2
40;6;0;0;2
40;7;0;0;2
40;8;NA;NA;NA
40;9;NA;NA;NA
40;10;NA;NA;NA
40;11;NA;NA;NA
40;12;NA;NA;NA
40;13;NA;NA;NA
40;14;NA;NA;NA
41;1;0;2;0
41;2;0;2;0
41;3;0;0;2
41;4;0;0;2
41;5;0;2;0
41;6;0;0;2
41;7;0;0;2
41;8;NA;NA;NA
41;9;NA;NA;NA
41;10;NA;NA;NA
41;11;NA;NA;NA
41;12;NA;NA;NA
41;13;NA;NA;NA
41;14;NA;NA;NA
42;1;1;2;0
42;2;0;2;0
42;3;1;2;0
42;4;0;2;0
42;5;0;0;2
42;6;0;0;2
42;7;0;0;2
42;8;NA;NA;NA
42;9;NA;NA;NA
42;10;NA;NA;NA
42;11;NA;NA;NA
42;12;NA;NA;NA
42;13;NA;NA;NA
42;14;NA;NA;NA
43;1;0;2;0
43;2;0;2;0
43;3;0;2;0
43;4;0;2;0
43;5;0;2;0
43;6;0;0;2
43;7;NA;NA;NA
43;8;NA;NA;NA
43;9;NA;NA;NA
43;10;NA;NA;NA
43;11;NA;NA;NA
43;12;NA;NA;NA
43;13;NA;NA;NA
43;14;NA;NA;NA
44;1;0;1;1
44;2;0;0;2
44;3;0;2;0
44;4;0;0;2
44;5;0;0;2
44;6;NA;NA;NA
44;7;NA;NA;NA
44;8;NA;NA;NA
44;9;NA;NA;NA
44;10;NA;NA;NA
44;11;NA;NA;NA
44;12;NA;NA;NA
44;13;NA;NA;NA
44;14;NA;NA;NA
45;1;0;0;2
45;2;0;0;2
45;3;NA;NA;NA
45;4;NA;NA;NA
45;5;NA;NA;NA
45;6;NA;NA;NA
45;7;NA;NA;NA
45;8;NA;NA;NA
45;9;NA;NA;NA
45;10;NA;NA;NA
45;11;NA;NA;NA
45;12;NA;NA;NA
45;13;NA;NA;NA
45;14;NA;NA;NA
46;1;0;2;0
46;2;0;0;2
46;3;0;0;2
46;4;0;0;2
46;5;0;0;2
46;6;0;0;2
46;7;0;0;2
46;8;NA;NA;NA
46;9;NA;NA;NA
46;10;NA;NA;NA
46;11;NA;NA;NA
46;12;NA;NA;NA
46;13;NA;NA;NA
46;14;NA;NA;NA
47;1;0;2;0
47;2;0;2;0
47;3;0;0;2
47;4;0;2;0
47;5;1;2;0
47;6;0;1;1
47;7;0;1;1
47;8;1;2;0
47;9;0;0;2
47;10;0;0;2
47;11;NA;NA;NA
47;12;NA;NA;NA
47;13;NA;NA;NA
47;14;NA;NA;NA
48;1;0;2;0
48;2;0;0;2
48;3;0;0;2
48;4;0;0;2
48;5;NA;NA;NA
48;6;NA;NA;NA
48;7;NA;NA;NA
48;8;NA;NA;NA
48;9;NA;NA;NA
48;10;NA;NA;NA
48;11;NA;NA;NA
48;12;NA;NA;NA
48;13;NA;NA;NA
48;14;NA;NA;NA
49;1;0;2;0
49;2;0;0;2
49;3;0;0;2
49;4;0;0;2
49;5;0;0;2
49;6;NA;NA;NA
49;7;NA;NA;NA
49;8;NA;NA;NA
49;9;NA;NA;NA
49;10;NA;NA;NA
49;11;NA;NA;NA
49;12;NA;NA;NA
49;13;NA;NA;NA
49;14;NA;NA;NA
50;1;1;2;0
50;2;1;2;0
50;3;1;2;0
50;4;0;2;0
50;5;0;0;2
50;6;0;0;2
50;7;0;2;0
50;8;0;2;0
50;9;0;0;2
50;10;NA;NA;NA
50;11;NA;NA;NA
50;12;NA;NA;NA
50;13;NA;NA;NA
50;14;NA;NA;NA
51;1;NA;NA;NA
51;2;NA;NA;NA
51;3;NA;NA;NA
51;4;NA;NA;NA
51;5;NA;NA;NA
51;6;NA;NA;NA
51;7;NA;NA;NA
51;8;NA;NA;NA
51;9;NA;NA;NA
51;10;NA;NA;NA
51;11;NA;NA;NA
51;12;NA;NA;NA
51;13;NA;NA;NA
51;14;NA;NA;NA
52;1;0;1;1
52;2;0;0;2
52;3;NA;NA;NA
52;4;NA;NA;NA
52;5;NA;NA;NA
52;6;NA;NA;NA
52;7;NA;NA;NA
52;8;NA;NA;NA
52;9;NA;NA;NA
52;10;NA;NA;NA
52;11;NA;NA;NA
52;12;NA;NA;NA
52;13;NA;NA;NA
52;14;NA;NA;NA
53;1;1;2;0
53;2;0;1;1
53;3;1;2;0
53;4;1;2;0
53;5;1;2;0
53;6;0;2;0
53;7;0;0;2
53;8;NA;NA;NA
53;9;NA;NA;NA
53;10;NA;NA;NA
53;11;NA;NA;NA
53;12;NA;NA;NA
53;13;NA;NA;NA
53;14;NA;NA;NA
54;1;0;0;2
54;2;0;0;2
54;3;NA;NA;NA
54;4;NA;NA;NA
54;5;NA;NA;NA
54;6;NA;NA;NA
54;7;NA;NA;NA
54;8;NA;NA;NA
54;9;NA;NA;NA
54;10;NA;NA;NA
54;11;NA;NA;NA
54;12;NA;NA;NA
54;13;NA;NA;NA
54;14;NA;NA;NA
55;1;0;0;2
55;2;NA;NA;NA
55;3;NA;NA;NA
55;4;NA;NA;NA
55;5;NA;NA;NA
55;6;NA;NA;NA
55;7;NA;NA;NA
55;8;NA;NA;NA
55;9;NA;NA;NA
55;10;NA;NA;NA
55;11;NA;NA;NA
55;12;NA;NA;NA
55;13;NA;NA;NA
55;14;NA;NA;NA
56;1;NA;NA;NA
56;2;NA;NA;NA
56;3;NA;NA;NA
56;4;NA;NA;NA
56;5;NA;NA;NA
56;6;NA;NA;NA
56;7;NA;NA;NA
56;8;NA;NA;NA
56;9;NA;NA;NA
56;10;NA;NA;NA
56;11;NA;NA;NA
56;12;NA;NA;NA
56;13;NA;NA;NA
56;14;NA;NA;NA
57;1;0;0;2
57;2;0;0;2
57;3;NA;NA;NA
57;4;NA;NA;NA
57;5;NA;NA;NA
57;6;NA;NA;NA
57;7;NA;NA;NA
57;8;NA;NA;NA
57;9;NA;NA;NA
57;10;NA;NA;NA
57;11;NA;NA;NA
57;12;NA;NA;NA
57;13;NA;NA;NA
57;14;NA;NA;NA
58;1;0;0;2
58;2;NA;NA;NA
58;3;NA;NA;NA
58;4;NA;NA;NA
58;5;NA;NA;NA
58;6;NA;NA;NA
58;7;NA;NA;NA
58;8;NA;NA;NA
58;9;NA;NA;NA
58;10;NA;NA;NA
58;11;NA;NA;NA
58;12;NA;NA;NA
58;13;NA;NA;NA
58;14;NA;NA;NA
59;1;0;2;0
59;2;0;0;2
59;3;0;0;2
59;4;0;0;2
59;5;NA;NA;NA
59;6;NA;NA;NA
59;7;NA;NA;NA
59;8;NA;NA;NA
59;9;NA;NA;NA
59;10;NA;NA;NA
59;11;NA;NA;NA
59;12;NA;NA;NA
59;13;NA;NA;NA
59;14;NA;NA;NA
60;1;NA;NA;NA
60;2;NA;NA;NA
60;3;NA;NA;NA
60;4;NA;NA;NA
60;5;NA;NA;NA
60;6;NA;NA;NA
60;7;NA;NA;NA
60;8;NA;NA;NA
60;9;NA;NA;NA
60;10;NA;NA;NA
60;11;NA;NA;NA
60;12;NA;NA;NA
60;13;NA;NA;NA
60;14;NA;NA;NA
61;1;NA;NA;NA
61;2;NA;NA;NA
61;3;NA;NA;NA
61;4;NA;NA;NA
61;5;NA;NA;NA
61;6;NA;NA;NA
61;7;NA;NA;NA
61;8;NA;NA;NA
61;9;NA;NA;NA
61;10;NA;NA;NA
61;11;NA;NA;NA
61;12;NA;NA;NA
61;13;NA;NA;NA
61;14;NA;NA;NA
62;1;NA;NA;NA
62;2;NA;NA;NA
62;3;NA;NA;NA
62;4;NA;NA;NA
62;5;NA;NA;NA
62;6;NA;NA;NA
62;7;NA;NA;NA
62;8;NA;NA;NA
62;9;NA;NA;NA
62;10;NA;NA;NA
62;11;NA;NA;NA
62;12;NA;NA;NA
62;13;NA;NA;NA
62;14;NA;NA;NA
63;1;NA;NA;NA
63;2;NA;NA;NA
63;3;NA;NA;NA
63;4;NA;NA;NA
63;5;NA;NA;NA
63;6;NA;NA;NA
63;7;NA;NA;NA
63;8;NA;NA;NA
63;9;NA;NA;NA
63;10;NA;NA;NA
63;11;NA;NA;NA
63;12;NA;NA;NA
63;13;NA;NA;NA
63;14;NA;NA;NA
64;1;NA;NA;NA
64;2;NA;NA;NA
64;3;NA;NA;NA
64;4;NA;NA;NA
64;5;NA;NA;NA
64;6;NA;NA;NA
64;7;NA;NA;NA
64;8;NA;NA;NA
64;9;NA;NA;NA
64;10;NA;NA;NA
64;11;NA;NA;NA
64;12;NA;NA;NA
64;13;NA;NA;NA
64;14;NA;NA;NA
65;1;0;0;2
65;2;NA;NA;NA
65;3;NA;NA;NA
65;4;NA;NA;NA
65;5;NA;NA;NA
65;6;NA;NA;NA
65;7;NA;NA;NA
65;8;NA;NA;NA
65;9;NA;NA;NA
65;10;NA;NA;NA
65;11;NA;NA;NA
65;12;NA;NA;NA
65;13;NA;NA;NA
65;14;NA;NA;NA
66;1;0;0;2
66;2;NA;NA;NA
66;3;NA;NA;NA
66;4;NA;NA;NA
66;5;NA;NA;NA
66;6;NA;NA;NA
66;7;NA;NA;NA
66;8;NA;NA;NA
66;9;NA;NA;NA
66;10;NA;NA;NA
66;11;NA;NA;NA
66;12;NA;NA;NA
66;13;NA;NA;NA
66;14;NA;NA;NA
67;1;0;0;2
67;2;0;0;2
67;3;0;0;2
67;4;NA;NA;NA
67;5;NA;NA;NA
67;6;NA;NA;NA
67;7;NA;NA;NA
67;8;NA;NA;NA
67;9;NA;NA;NA
67;10;NA;NA;NA
67;11;NA;NA;NA
67;12;NA;NA;NA
67;13;NA;NA;NA
67;14;NA;NA;NA
68;1;0;0;2
68;2;0;0;2
68;3;NA;NA;NA
68;4;NA;NA;NA
68;5;NA;NA;NA
68;6;NA;NA;NA
68;7;NA;NA;NA
68;8;NA;NA;NA
68;9;NA;NA;NA
68;10;NA;NA;NA
68;11;NA;NA;NA
68;12;NA;NA;NA
68;13;NA;NA;NA
68;14;NA;NA;NA
69;1;0;0;2
69;2;0;0;2
69;3;NA;NA;NA
69;4;NA;NA;NA
69;5;NA;NA;NA
69;6;NA;NA;NA
69;7;NA;NA;NA
69;8;NA;NA;NA
69;9;NA;NA;NA
69;10;NA;NA;NA
69;11;NA;NA;NA
69;12;NA;NA;NA
69;13;NA;NA;NA
69;14;NA;NA;NA
70;1;0;0;2
70;2;0;0;2
70;3;NA;NA;NA
70;4;NA;NA;NA
70;5;NA;NA;NA
70;6;NA;NA;NA
70;7;NA;NA;NA
70;8;NA;NA;NA
70;9;NA;NA;NA
70;10;NA;NA;NA
70;11;NA;NA;NA
70;12;NA;NA;NA
70;13;NA;NA;NA
70;14;NA;NA;NA
71;1;0;0;2
71;2;0;0;2
71;3;NA;NA;NA
71;4;NA;NA;NA
71;5;NA;NA;NA
71;6;NA;NA;NA
71;7;NA;NA;NA
71;8;NA;NA;NA
71;9;NA;NA;NA
71;10;NA;NA;NA
71;11;NA;NA;NA
71;12;NA;NA;NA
71;13;NA;NA;NA
71;14;NA;NA;NA
72;1;NA;NA;NA
72;2;NA;NA;NA
72;3;NA;NA;NA
72;4;NA;NA;NA
72;5;NA;NA;NA
72;6;NA;NA;NA
72;7;NA;NA;NA
72;8;NA;NA;NA
72;9;NA;NA;NA
72;10;NA;NA;NA
72;11;NA;NA;NA
72;12;NA;NA;NA
72;13;NA;NA;NA
72;14;NA;NA;NA
73;1;0;2;0
73;2;0;0;2
73;3;0;0;2
73;4;0;0;2
73;5;0;0;2
73;6;NA;NA;NA
73;7;NA;NA;NA
73;8;NA;NA;NA
73;9;NA;NA;NA
73;10;NA;NA;NA
73;11;NA;NA;NA
73;12;NA;NA;NA
73;13;NA;NA;NA
73;14;NA;NA;NA
74;1;0;0;2
74;2;0;0;2
74;3;NA;NA;NA
74;4;NA;NA;NA
74;5;NA;NA;NA
74;6;NA;NA;NA
74;7;NA;NA;NA
74;8;NA;NA;NA
74;9;NA;NA;NA
74;10;NA;NA;NA
74;11;NA;NA;NA
74;12;NA;NA;NA
74;13;NA;NA;NA
74;14;NA;NA;NA
75;1;0;0;2
75;2;NA;NA;NA
75;3;NA;NA;NA
75;4;NA;NA;NA
75;5;NA;NA;NA
75;6;NA;NA;NA
75;7;NA;NA;NA
75;8;NA;NA;NA
75;9;NA;NA;NA
75;10;NA;NA;NA
75;11;NA;NA;NA
75;12;NA;NA;NA
75;13;NA;NA;NA
75;14;NA;NA;NA
76;1;NA;NA;NA
76;2;NA;NA;NA
76;3;NA;NA;NA
76;4;NA;NA;NA
76;5;NA;NA;NA
76;6;NA;NA;NA
76;7;NA;NA;NA
76;8;NA;NA;NA
76;9;NA;NA;NA
76;10;NA;NA;NA
76;11;NA;NA;NA
76;12;NA;NA;NA
76;13;NA;NA;NA
76;14;NA;NA;NA
77;1;0;0;2
77;2;0;0;2
77;3;0;0;2
77;4;0;0;2
77;5;NA;NA;NA
77;6;NA;NA;NA
77;7;NA;NA;NA
77;8;NA;NA;NA
77;9;NA;NA;NA
77;10;NA;NA;NA
77;11;NA;NA;NA
77;12;NA;NA;NA
77;13;NA;NA;NA
77;14;NA;NA;NA
78;1;0;0;2
78;2;0;2;0
78;3;0;0;2
78;4;0;0;2
78;5;1;2;0
78;6;0;0;2
78;7;0;0;2
78;8;0;0;2
78;9;0;0;2
78;10;0;0;2
78;11;NA;NA;NA
78;12;NA;NA;NA
78;13;NA;NA;NA
78;14;NA;NA;NA
79;1;0;1;1
79;2;0;0;2
79;3;0;0;2
79;4;0;0;2
79;5;0;0;2
79;6;0;0;2
79;7;0;0;2
79;8;0;0;2
79;9;0;0;2
79;10;0;0;2
79;11;0;0;2
79;12;NA;NA;NA
79;13;NA;NA;NA
79;14;NA;NA;NA
80;1;0;0;2
80;2;0;0;2
80;3;0;0;2
80;4;0;0;2
80;5;0;0;2
80;6;NA;NA;NA
80;7;NA;NA;NA
80;8;NA;NA;NA
80;9;NA;NA;NA
80;10;NA;NA;NA
80;11;NA;NA;NA
80;12;NA;NA;NA
80;13;NA;NA;NA
80;14;NA;NA;NA
81;1;0;0;2
81;2;1;2;0
81;3;0;0;2
81;4;0;0;2
81;5;0;0;2
81;6;0;0;2
81;7;0;0;2
81;8;0;0;2
81;9;0;0;2
81;10;0;0;2
81;11;0;0;2
81;12;0;0;2
81;13;0;0;2
81;14;0;0;2
82;1;1;2;0
82;2;1;2;0
82;3;1;2;0
82;4;1;2;0
82;5;0;0;2
82;6;0;0;2
82;7;0;0;2
82;8;0;0;2
82;9;NA;NA;NA
82;10;NA;NA;NA
82;11;NA;NA;NA
82;12;NA;NA;NA
82;13;NA;NA;NA
82;14;NA;NA;NA
83;1;1;2;0
83;2;0;2;0
83;3;0;2;0
83;4;NA;NA;NA
83;5;NA;NA;NA
83;6;NA;NA;NA
83;7;NA;NA;NA
83;8;NA;NA;NA
83;9;NA;NA;NA
83;10;NA;NA;NA
83;11;NA;NA;NA
83;12;NA;NA;NA
83;13;NA;NA;NA
83;14;NA;NA;NA
84;1;0;0;2
84;2;0;0;2
84;3;0;0;2
84;4;0;0;2
84;5;0;0;2
84;6;NA;NA;NA
84;7;NA;NA;NA
84;8;NA;NA;NA
84;9;NA;NA;NA
84;10;NA;NA;NA
84;11;NA;NA;NA
84;12;NA;NA;NA
84;13;NA;NA;NA
84;14;NA;NA;NA
85;1;0;0;2
85;2;1;2;0
85;3;0;0;2
85;4;0;0;2
85;5;1;2;0
85;6;0;0;2
85;7;0;0;2
85;8;0;0;2
85;9;0;0;2
85;10;0;0;2
85;11;0;0;2
85;12;0;0;2
85;13;0;0;2
85;14;NA;NA;NA
86;1;0;2;0
86;2;0;0;2
86;3;0;0;2
86;4;0;0;2
86;5;0;0;2
86;6;0;0;2
86;7;0;0;2
86;8;NA;NA;NA
86;9;NA;NA;NA
86;10;NA;NA;NA
86;11;NA;NA;NA
86;12;NA;NA;NA
86;13;NA;NA;NA
86;14;NA;NA;NA
87;1;0;2;0
87;2;0;0;2
87;3;0;0;2
87;4;0;0;2
87;5;0;0;2
87;6;NA;NA;NA
87;7;NA;NA;NA
87;8;NA;NA;NA
87;9;NA;NA;NA
87;10;NA;NA;NA
87;11;NA;NA;NA
87;12;NA;NA;NA
87;13;NA;NA;NA
87;14;NA;NA;NA
88;1;0;0;2
88;2;1;2;0
88;3;0;0;2
88;4;0;0;2
88;5;0;0;2
88;6;0;0;2
88;7;0;0;2
88;8;0;0;2
88;9;0;0;2
88;10;0;0;2
88;11;0;0;2
88;12;0;0;2
88;13;0;0;2
88;14;NA;NA;NA
89;1;0;0;2
89;2;0;0;2
89;3;0;0;2
89;4;0;0;2
89;5;0;0;2
89;6;0;0;2
89;7;NA;NA;NA
89;8;NA;NA;NA
89;9;NA;NA;NA
89;10;NA;NA;NA
89;11;NA;NA;NA
89;12;NA;NA;NA
89;13;NA;NA;NA
89;14;NA;NA;NA
90;1;0;0;2
90;2;0;0;2
90;3;0;0;2
90;4;0;0;2
90;5;0;0;2
90;6;0;0;2
90;7;0;0;2
90;8;0;0;2
90;9;0;0;2
90;10;0;0;2
90;11;0;0;2
90;12;0;0;2
90;13;NA;NA;NA
90;14;NA;NA;NA
91;1;0;0;2
91;2;0;0;2
91;3;0;0;2
91;4;0;0;2
91;5;0;0;2
91;6;0;0;2
91;7;0;0;2
91;8;0;0;2
91;9;0;0;2
91;10;0;0;2
91;11;NA;NA;NA
91;12;NA;NA;NA
91;13;NA;NA;NA
91;14;NA;NA;NA
92;1;0;0;2
92;2;0;0;2
92;3;0;0;2
92;4;0;0;2
92;5;0;0;2
92;6;0;0;2
92;7;0;0;2
92;8;NA;NA;NA
92;9;NA;NA;NA
92;10;NA;NA;NA
92;11;NA;NA;NA
92;12;NA;NA;NA
92;13;NA;NA;NA
92;14;NA;NA;NA
93;1;1;2;0
93;2;0;2;0
93;3;0;0;2
93;4;0;0;2
93;5;0;0;2
93;6;0;0;2
93;7;0;0;2
93;8;0;0;2
93;9;NA;NA;NA
93;10;NA;NA;NA
93;11;NA;NA;NA
93;12;NA;NA;NA
93;13;NA;NA;NA
93;14;NA;NA;NA
94;1;0;0;2
94;2;0;0;2
94;3;0;0;2
94;4;0;2;0
94;5;0;0;2
94;6;0;0;2
94;7;0;0;2
94;8;0;0;2
94;9;NA;NA;NA
94;10;NA;NA;NA
94;11;NA;NA;NA
94;12;NA;NA;NA
94;13;NA;NA;NA
94;14;NA;NA;NA
95;1;0;0;2
95;2;0;0;2
95;3;0;0;2
95;4;0;0;2
95;5;0;0;2
95;6;0;0;2
95;7;0;0;2
95;8;0;0;2
95;9;0;0;2
95;10;NA;NA;NA
95;11;NA;NA;NA
95;12;NA;NA;NA
95;13;NA;NA;NA
95;14;NA;NA;NA
96;1;0;0;2
96;2;0;0;2
96;3;0;0;2
96;4;0;0;2
96;5;0;0;2
96;6;0;0;2
96;7;0;0;2
96;8;0;0;2
96;9;0;0;2
96;10;0;0;2
96;11;NA;NA;NA
96;12;NA;NA;NA
96;13;NA;NA;NA
96;14;NA;NA;NA
97;1;0;0;2
97;2;1;1;1
97;3;0;0;2
97;4;0;2;0
97;5;0;0;2
97;6;0;0;2
97;7;0;0;2
97;8;0;0;2
97;9;NA;NA;NA
97;10;NA;NA;NA
97;11;NA;NA;NA
97;12;NA;NA;NA
97;13;NA;NA;NA
97;14;NA;NA;NA
98;1;0;2;0
98;2;0;0;2
98;3;0;0;2
98;4;0;0;2
98;5;0;0;2
98;6;0;0;2
98;7;0;0;2
98;8;NA;NA;NA
98;9;NA;NA;NA
98;10;NA;NA;NA
98;11;NA;NA;NA
98;12;NA;NA;NA
98;13;NA;NA;NA
98;14;NA;NA;NA
99;1;0;0;2
99;2;0;0;2
99;3;0;0;2
99;4;0;0;2
99;5;0;0;2
99;6;0;0;2
99;7;NA;NA;NA
99;8;NA;NA;NA
99;9;NA;NA;NA
99;10;NA;NA;NA
99;11;NA;NA;NA
99;12;NA;NA;NA
99;13;NA;NA;NA
99;14;NA;NA;NA
100;1;0;0;2
100;2;0;0;2
100;3;0;0;2
100;4;0;0;2
100;5;0;0;2
100;6;0;0;2
100;7;0;0;2
100;8;0;0;2
100;9;0;0;2
100;10;0;0;2
100;11;NA;NA;NA
100;12;NA;NA;NA
100;13;NA;NA;NA
100;14;NA;NA;NA
101;1;0;0;2
101;2;0;0;2
101;3;0;0;2
101;4;NA;NA;NA
101;5;NA;NA;NA
101;6;NA;NA;NA
101;7;NA;NA;NA
101;8;NA;NA;NA
101;9;NA;NA;NA
101;10;NA;NA;NA
101;11;NA;NA;NA
101;12;NA;NA;NA
101;13;NA;NA;NA
101;14;NA;NA;NA
102;1;0;0;2
102;2;0;0;2
102;3;0;0;2
102;4;0;0;2
102;5;0;0;2
102;6;0;0;2
102;7;0;0;2
102;8;0;0;2
102;9;0;0;2
102;10;0;0;2
102;11;0;0;2
102;12;NA;NA;NA
102;13;NA;NA;NA
102;14;NA;NA;NA
103;1;0;0;2
103;2;1;0;2
103;3;0;0;2
103;4;0;0;2
103;5;0;0;2
103;6;0;0;2
103;7;0;0;2
103;8;0;0;2
103;9;0;0;2
103;10;NA;NA;NA
103;11;NA;NA;NA
103;12;NA;NA;NA
103;13;NA;NA;NA
103;14;NA;NA;NA
104;1;0;0;2
104;2;0;0;2
104;3;0;0;2
104;4;0;0;2
104;5;0;0;2
104;6;0;0;2
104;7;0;0;2
104;8;0;0;2
104;9;0;0;2
104;10;0;0;2
104;11;0;0;2
104;12;NA;NA;NA
104;13;NA;NA;NA
104;14;NA;NA;NA
105;1;0;0;2
105;2;0;0;2
105;3;0;0;2
105;4;0;0;2
105;5;0;0;2
105;6;0;0;2
105;7;NA;NA;NA
105;8;NA;NA;NA
105;9;NA;NA;NA
105;10;NA;NA;NA
105;11;NA;NA;NA
105;12;NA;NA;NA
105;13;NA;NA;NA
105;14;NA;NA;NA
106;1;0;0;2
106;2;0;0;2
106;3;0;0;2
106;4;0;0;2
106;5;0;0;2
106;6;0;0;2
106;7;0;0;2
106;8;0;0;2
106;9;0;0;2
106;10;0;0;2
106;11;0;0;2
106;12;NA;NA;NA
106;13;NA;NA;NA
106;14;NA;NA;NA
107;1;0;2;0
107;2;0;2;0
107;3;1;1;1
107;4;0;0;2
107;5;0;0;2
107;6;0;0;2
107;7;NA;NA;NA
107;8;NA;NA;NA
107;9;NA;NA;NA
107;10;NA;NA;NA
107;11;NA;NA;NA
107;12;NA;NA;NA
107;13;NA;NA;NA
107;14;NA;NA;NA
108;1;1;2;0
108;2;1;2;0
108;3;0;0;2
108;4;0;0;2
108;5;0;0;2
108;6;0;0;2
108;7;0;0;2
108;8;0;0;2
108;9;0;0;2
108;10;NA;NA;NA
108;11;NA;NA;NA
108;12;NA;NA;NA
108;13;NA;NA;NA
108;14;NA;NA;NA
109;1;NA;NA;NA
109;2;0;0;2
109;3;0;0;2
109;4;0;0;2
109;5;NA;NA;NA
109;6;NA;NA;NA
109;7;NA;NA;NA
109;8;NA;NA;NA
109;9;NA;NA;NA
109;10;NA;NA;NA
109;11;NA;NA;NA
109;12;NA;NA;NA
109;13;NA;NA;NA
109;14;NA;NA;NA
110;1;NA;NA;NA
110;2;NA;NA;NA
110;3;NA;NA;NA
110;4;NA;NA;NA
110;5;NA;NA;NA
110;6;NA;NA;NA
110;7;NA;NA;NA
110;8;NA;NA;NA
110;9;NA;NA;NA
110;10;NA;NA;NA
110;11;NA;NA;NA
110;12;NA;NA;NA
110;13;NA;NA;NA
110;14;NA;NA;NA
111;1;NA;NA;NA
111;2;NA;NA;NA
111;3;NA;NA;NA
111;4;NA;NA;NA
111;5;NA;NA;NA
111;6;NA;NA;NA
111;7;NA;NA;NA
111;8;NA;NA;NA
111;9;NA;NA;NA
111;10;NA;NA;NA
111;11;NA;NA;NA
111;12;NA;NA;NA
111;13;NA;NA;NA
111;14;NA;NA;NA
112;1;NA;NA;NA
112;2;NA;NA;NA
112;3;NA;NA;NA
112;4;NA;NA;NA
112;5;NA;NA;NA
112;6;NA;NA;NA
112;7;NA;NA;NA
112;8;NA;NA;NA
112;9;NA;NA;NA
112;10;NA;NA;NA
112;11;NA;NA;NA
112;12;NA;NA;NA
112;13;NA;NA;NA
112;14;NA;NA;NA
113;1;NA;NA;NA
113;2;NA;NA;NA
113;3;NA;NA;NA
113;4;NA;NA;NA
113;5;NA;NA;NA
113;6;NA;NA;NA
113;7;NA;NA;NA
113;8;NA;NA;NA
113;9;NA;NA;NA
113;10;NA;NA;NA
113;11;NA;NA;NA
113;12;NA;NA;NA
113;13;NA;NA;NA
113;14;NA;NA;NA
114;1;NA;NA;NA
114;2;NA;NA;NA
114;3;NA;NA;NA
114;4;NA;NA;NA
114;5;NA;NA;NA
114;6;NA;NA;NA
114;7;NA;NA;NA
114;8;NA;NA;NA
114;9;NA;NA;NA
114;10;NA;NA;NA
114;11;NA;NA;NA
114;12;NA;NA;NA
114;13;NA;NA;NA
114;14;NA;NA;NA
115;1;NA;NA;NA
115;2;NA;NA;NA
115;3;NA;NA;NA
115;4;NA;NA;NA
115;5;NA;NA;NA
115;6;NA;NA;NA
115;7;NA;NA;NA
115;8;NA;NA;NA
115;9;NA;NA;NA
115;10;NA;NA;NA
115;11;NA;NA;NA
115;12;NA;NA;NA
115;13;NA;NA;NA
115;14;NA;NA;NA
116;1;0;0;2
116;2;0;0;2
116;3;0;0;2
116;4;NA;NA;NA
116;5;NA;NA;NA
116;6;NA;NA;NA
116;7;NA;NA;NA
116;8;NA;NA;NA
116;9;NA;NA;NA
116;10;NA;NA;NA
116;11;NA;NA;NA
116;12;NA;NA;NA
116;13;NA;NA;NA
116;14;NA;NA;NA
117;1;0;2;0
117;2;1;2;0
117;3;1;2;0
117;4;0;0;2
117;5;0;0;2
117;6;0;0;2
117;7;NA;NA;NA
117;8;NA;NA;NA
117;9;NA;NA;NA
117;10;NA;NA;NA
117;11;NA;NA;NA
117;12;NA;NA;NA
117;13;NA;NA;NA
117;14;NA;NA;NA
118;1;0;0;2
118;2;0;0;2
118;3;1;2;0
118;4;0;1;1
118;5;0;0;2
118;6;0;0;2
118;7;0;0;2
118;8;0;0;2
118;9;0;0;2
118;10;0;0;2
118;11;0;0;2
118;12;0;0;2
118;13;NA;NA;NA
118;14;NA;NA;NA
119;1;0;0;2
119;2;0;0;2
119;3;0;1;1
119;4;0;0;2
119;5;0;0;2
119;6;0;2;0
119;7;0;0;2
119;8;0;0;2
119;9;0;0;2
119;10;NA;NA;NA
119;11;NA;NA;NA
119;12;NA;NA;NA
119;13;NA;NA;NA
119;14;NA;NA;NA
120;1;0;0;2
120;2;0;0;2
120;3;0;0;2
120;4;0;0;2
120;5;0;0;2
120;6;0;0;2
120;7;0;0;2
120;8;0;0;2
120;9;0;0;2
120;10;0;0;2
120;11;NA;NA;NA
120;12;NA;NA;NA
120;13;NA;NA;NA
120;14;NA;NA;NA
121;1;0;2;0
121;2;0;2;0
121;3;0;0;2
121;4;0;0;2
121;5;0;0;2
121;6;0;0;2
121;7;0;0;2
121;8;0;0;2
121;9;0;0;2
121;10;0;0;2
121;11;0;0;2
121;12;0;0;2
121;13;NA;NA;NA
121;14;NA;NA;NA
122;1;0;2;0
122;2;1;2;0
122;3;0;2;0
122;4;0;0;2
122;5;0;0;2
122;6;0;0;2
122;7;0;0;2
122;8;NA;NA;NA
122;9;NA;NA;NA
122;10;NA;NA;NA
122;11;NA;NA;NA
122;12;NA;NA;NA
122;13;NA;NA;NA
122;14;NA;NA;NA
123;1;0;0;2
123;2;1;1;1
123;3;0;0;2
123;4;0;0;2
123;5;0;0;2
123;6;0;0;2
123;7;0;0;2
123;8;NA;NA;NA
123;9;NA;NA;NA
123;10;NA;NA;NA
123;11;NA;NA;NA
123;12;NA;NA;NA
123;13;NA;NA;NA
123;14;NA;NA;NA
124;1;0;0;2
124;2;0;0;2
124;3;0;0;2
124;4;0;0;2
124;5;0;0;2
124;6;0;0;2
124;7;NA;NA;NA
124;8;NA;NA;NA
124;9;NA;NA;NA
124;10;NA;NA;NA
124;11;NA;NA;NA
124;12;NA;NA;NA
124;13;NA;NA;NA
124;14;NA;NA;NA
125;1;1;0;2
125;2;1;2;0
125;3;0;2;0
125;4;0;2;0
125;5;0;0;2
125;6;NA;NA;NA
125;7;NA;NA;NA
125;8;NA;NA;NA
125;9;NA;NA;NA
125;10;NA;NA;NA
125;11;NA;NA;NA
125;12;NA;NA;NA
125;13;NA;NA;NA
125;14;NA;NA;NA
126;1;0;0;2
126;2;0;0;2
126;3;0;0;2
126;4;0;0;2
126;5;0;0;2
126;6;0;0;2
126;7;0;0;2
126;8;0;0;2
126;9;NA;NA;NA
126;10;NA;NA;NA
126;11;NA;NA;NA
126;12;NA;NA;NA
126;13;NA;NA;NA
126;14;NA;NA;NA
127;1;0;1;1
127;2;0;0;2
127;3;0;0;2
127;4;0;0;2
127;5;0;0;2
127;6;0;0;2
127;7;0;0;2
127;8;NA;NA;NA
127;9;NA;NA;NA
127;10;NA;NA;NA
127;11;NA;NA;NA
127;12;NA;NA;NA
127;13;NA;NA;NA
127;14;NA;NA;NA
128;1;;0;2
128;2;;0;2
128;3;;0;2
128;4;;0;2
128;5;;0;2
128;6;;0;2
128;7;;0;2
128;8;NA;NA;NA
128;9;NA;NA;NA
128;10;NA;NA;NA
128;11;NA;NA;NA
128;12;NA;NA;NA
128;13;NA;NA;NA
128;14;NA;NA;NA
129;1;0;0;2
129;2;0;0;2
129;3;0;0;2
129;4;0;0;2
129;5;0;0;2
129;6;0;0;2
129;7;0;0;2
129;8;0;0;2
129;9;0;0;2
129;10;NA;NA;NA
129;11;NA;NA;NA
129;12;NA;NA;NA
129;13;NA;NA;NA
129;14;NA;NA;NA
130;1;0;0;2
130;2;1;2;0
130;3;0;0;2
130;4;0;0;2
130;5;1;2;0
130;6;0;0;2
130;7;0;0;2
130;8;0;0;2
130;9;0;0;2
130;10;0;0;2
130;11;0;0;2
130;12;NA;NA;NA
130;13;NA;NA;NA
130;14;NA;NA;NA
131;1;NA;NA;NA
131;2;NA;NA;NA
131;3;NA;NA;NA
131;4;NA;NA;NA
131;5;NA;NA;NA
131;6;NA;NA;NA
131;7;NA;NA;NA
131;8;NA;NA;NA
131;9;NA;NA;NA
131;10;NA;NA;NA
131;11;NA;NA;NA
131;12;NA;NA;NA
131;13;NA;NA;NA
131;14;NA;NA;NA
132;1;0;0;2
132;2;0;0;2
132;3;0;0;2
132;4;0;0;2
132;5;0;0;2
132;6;0;0;2
132;7;0;0;2
132;8;0;0;2
132;9;0;0;2
132;10;NA;NA;NA
132;11;NA;NA;NA
132;12;NA;NA;NA
132;13;NA;NA;NA
132;14;NA;NA;NA
133;1;0;0;2
133;2;0;0;2
133;3;0;0;2
133;4;0;0;2
133;5;0;0;2
133;6;0;0;2
133;7;0;0;2
133;8;0;0;2
133;9;NA;NA;NA
133;10;NA;NA;NA
133;11;NA;NA;NA
133;12;NA;NA;NA
133;13;NA;NA;NA
133;14;NA;NA;NA
134;1;0;0;2
134;2;0;0;2
134;3;0;0;2
134;4;0;0;2
134;5;0;0;2
134;6;0;0;2
134;7;0;0;2
134;8;0;0;2
134;9;NA;NA;NA
134;10;NA;NA;NA
134;11;NA;NA;NA
134;12;NA;NA;NA
134;13;NA;NA;NA
134;14;NA;NA;NA
135;1;1;2;0
135;2;1;2;0
135;3;0;2;0
135;4;1;2;0
135;5;0;0;2
135;6;0;0;2
135;7;0;0;2
135;8;0;0;2
135;9;0;0;2
135;10;0;0;2
135;11;0;0;2
135;12;NA;NA;NA
135;13;NA;NA;NA
135;14;NA;NA;NA
136;1;0;0;2
136;2;0;0;2
136;3;0;2;0
136;4;0;0;2
136;5;0;0;2
136;6;0;0;2
136;7;0;0;2
136;8;NA;NA;NA
136;9;NA;NA;NA
136;10;NA;NA;NA
136;11;NA;NA;NA
136;12;NA;NA;NA
136;13;NA;NA;NA
136;14;NA;NA;NA
137;1;0;0;2
137;2;0;0;2
137;3;0;0;2
137;4;0;2;0
137;5;1;0;2
137;6;0;0;2
137;7;0;0;2
137;8;0;0;2
137;9;0;0;2
137;10;0;0;2
137;11;0;0;2
137;12;0;0;2
137;13;0;0;2
137;14;NA;NA;NA
138;1;0;0;2
138;2;0;2;0
138;3;1;2;0
138;4;0;0;2
138;5;1;0;2
138;6;0;2;0
138;7;0;0;2
138;8;0;0;2
138;9;0;0;2
138;10;0;0;2
138;11;0;0;2
138;12;NA;NA;NA
138;13;NA;NA;NA
138;14;NA;NA;NA
139;1;1;0;2
139;2;0;2;0
139;3;0;2;0
139;4;0;0;2
139;5;0;0;2
139;6;0;0;2
139;7;0;0;2
139;8;0;0;2
139;9;0;0;2
139;10;NA;NA;NA
139;11;NA;NA;NA
139;12;NA;NA;NA
139;13;NA;NA;NA
139;14;NA;NA;NA
140;1;0;0;2
140;2;0;0;2
140;3;0;0;2
140;4;0;0;2
140;5;0;0;2
140;6;0;0;2
140;7;NA;NA;NA
140;8;NA;NA;NA
140;9;NA;NA;NA
140;10;NA;NA;NA
140;11;NA;NA;NA
140;12;NA;NA;NA
140;13;NA;NA;NA
140;14;NA;NA;NA
141;1;NA;NA;NA
141;2;NA;NA;NA
141;3;NA;NA;NA
141;4;NA;NA;NA
141;5;NA;NA;NA
141;6;NA;NA;NA
141;7;NA;NA;NA
141;8;NA;NA;NA
141;9;NA;NA;NA
141;10;NA;NA;NA
141;11;NA;NA;NA
141;12;NA;NA;NA
141;13;NA;NA;NA
141;14;NA;NA;NA
142;1;NA;NA;NA
142;2;NA;NA;NA
142;3;NA;NA;NA
142;4;NA;NA;NA
142;5;NA;NA;NA
142;6;NA;NA;NA
142;7;NA;NA;NA
142;8;NA;NA;NA
142;9;NA;NA;NA
142;10;NA;NA;NA
142;11;NA;NA;NA
142;12;NA;NA;NA
142;13;NA;NA;NA
142;14;NA;NA;NA
143;1;NA;NA;NA
143;2;NA;NA;NA
143;3;NA;NA;NA
143;4;NA;NA;NA
143;5;NA;NA;NA
143;6;NA;NA;NA
143;7;NA;NA;NA
143;8;NA;NA;NA
143;9;NA;NA;NA
143;10;NA;NA;NA
143;11;NA;NA;NA
143;12;NA;NA;NA
143;13;NA;NA;NA
143;14;NA;NA;NA
144;1;0;0;2
144;2;0;0;2
144;3;NA;NA;NA
144;4;NA;NA;NA
144;5;NA;NA;NA
144;6;NA;NA;NA
144;7;NA;NA;NA
144;8;NA;NA;NA
144;9;NA;NA;NA
144;10;NA;NA;NA
144;11;NA;NA;NA
144;12;NA;NA;NA
144;13;NA;NA;NA
144;14;NA;NA;NA
145;1;1;2;0
145;2;0;0;2
145;3;0;0;2
145;4;0;0;2
145;5;0;0;2
145;6;0;0;2
145;7;0;0;2
145;8;0;0;2
145;9;0;0;2
145;10;0;0;2
145;11;NA;NA;NA
145;12;NA;NA;NA
145;13;NA;NA;NA
145;14;NA;NA;NA
146;1;1;2;0
146;2;0;0;2
146;3;0;0;2
146;4;0;2;0
146;5;0;2;0
146;6;0;0;2
146;7;0;0;2
146;8;0;0;2
146;9;0;0;2
146;10;0;0;2
146;11;NA;NA;NA
146;12;NA;NA;NA
146;13;NA;NA;NA
146;14;NA;NA;NA
147;1;0;0;2
147;2;0;0;2
147;3;0;0;2
147;4;0;0;2
147;5;0;0;2
147;6;NA;NA;NA
147;7;NA;NA;NA
147;8;NA;NA;NA
147;9;NA;NA;NA
147;10;NA;NA;NA
147;11;NA;NA;NA
147;12;NA;NA;NA
147;13;NA;NA;NA
147;14;NA;NA;NA
148;1;0;2;0
148;2;0;0;2
148;3;0;0;2
148;4;NA;NA;NA
148;5;NA;NA;NA
148;6;NA;NA;NA
148;7;NA;NA;NA
148;8;NA;NA;NA
148;9;NA;NA;NA
148;10;NA;NA;NA
148;11;NA;NA;NA
148;12;NA;NA;NA
148;13;NA;NA;NA
148;14;NA;NA;NA
149;1;NA;NA;NA
149;2;NA;NA;NA
149;3;NA;NA;NA
149;4;NA;NA;NA
149;5;NA;NA;NA
149;6;NA;NA;NA
149;7;NA;NA;NA
149;8;NA;NA;NA
149;9;NA;NA;NA
149;10;NA;NA;NA
149;11;NA;NA;NA
149;12;NA;NA;NA
149;13;NA;NA;NA
149;14;NA;NA;NA
150;1;NA;NA;NA
150;2;NA;NA;NA
150;3;NA;NA;NA
150;4;NA;NA;NA
150;5;NA;NA;NA
150;6;NA;NA;NA
150;7;NA;NA;NA
150;8;NA;NA;NA
150;9;NA;NA;NA
150;10;NA;NA;NA
150;11;NA;NA;NA
150;12;NA;NA;NA
150;13;NA;NA;NA
150;14;NA;NA;NA
151;1;0;2;0
151;2;1;0;2
151;3;0;2;0
151;4;0;2;0
151;5;1;0;2
151;6;0;0;2
151;7;0;0;2
151;8;0;0;2
151;9;0;0;2
151;10;0;0;2
151;11;;NA;NA
151;12;;NA;NA
151;13;;NA;NA
151;14;;NA;NA
152;1;0;0;2
152;2;0;1;1
152;3;1;0;2
152;4;1;2;0
152;5;0;2;0
152;6;0;0;2
152;7;0;0;2
152;8;0;0;2
152;9;0;NA;NA
152;10;0;NA;NA
152;11;0;NA;NA
152;12;0;NA;NA
152;13;0;NA;NA
152;14;NA;NA;NA
153;1;0;0;2
153;2;0;0;2
153;3;0;0;2
153;4;0;0;2
153;5;1;1;1
153;6;0;0;2
153;7;1;2;0
153;8;1;2;0
153;9;0;0;2
153;10;1;2;0
153;11;1;2;0
153;12;1;2;0
153;13;NA;NA;NA
153;14;NA;NA;NA
154;1;0;2;0
154;2;0;0;2
154;3;0;0;2
154;4;1;2;0
154;5;0;0;2
154;6;NA;NA;NA
154;7;NA;NA;NA
154;8;NA;NA;NA
154;9;NA;NA;NA
154;10;NA;NA;NA
154;11;NA;NA;NA
154;12;NA;NA;NA
154;13;NA;NA;NA
154;14;NA;NA;NA
155;1;1;2;0
155;2;0;2;0
155;3;0;0;2
155;4;1;2;0
155;5;0;0;2
155;6;0;0;2
155;7;0;0;2
155;8;0;0;2
155;9;NA;NA;NA
155;10;NA;NA;NA
155;11;NA;NA;NA
155;12;NA;NA;NA
155;13;NA;NA;NA
155;14;NA;NA;NA
156;1;1;2;0
156;2;1;2;0
156;3;0;2;0
156;4;1;2;0
156;5;0;2;0
156;6;0;0;2
156;7;1;2;0
156;8;0;2;0
156;9;0;0;2
156;10;NA;NA;NA
156;11;NA;NA;NA
156;12;NA;NA;NA
156;13;NA;NA;NA
156;14;NA;NA;NA
157;1;1;2;0
157;2;1;2;0
157;3;0;2;0
157;4;0;2;0
157;5;1;2;0
157;6;1;2;0
157;7;1;2;0
157;8;0;2;0
157;9;0;2;0
157;10;0;2;0
157;11;0;2;0
157;12;0;0;2
157;13;0;2;0
157;14;NA;NA;NA
158;1;0;2;0
158;2;0;0;2
158;3;NA;NA;NA
158;4;1;2;0
158;5;0;2;0
158;6;0;2;0
158;7;0;0;2
158;8;0;2;0
158;9;0;0;2
158;10;0;0;2
158;11;NA;NA;NA
158;12;NA;NA;NA
158;13;NA;NA;NA
158;14;NA;NA;NA
159;1;0;2;0
159;2;0;1;1
159;3;0;0;2
159;4;0;0;2
159;5;0;0;2
159;6;0;0;2
159;7;0;0;2
159;8;NA;NA;NA
159;9;NA;NA;NA
159;10;NA;NA;NA
159;11;NA;NA;NA
159;12;NA;NA;NA
159;13;NA;NA;NA
159;14;NA;NA;NA
160;1;0;2;0
160;2;NA;NA;NA
160;3;0;0;2
160;4;0;0;2
160;5;0;0;2
160;6;0;0;2
160;7;0;0;2
160;8;NA;NA;NA
160;9;NA;NA;NA
160;10;NA;NA;NA
160;11;NA;NA;NA
160;12;NA;NA;NA
160;13;NA;NA;NA
160;14;NA;NA;NA
161;1;1;2;0
161;2;0;2;0
161;3;1;0;2
161;4;0;2;0
161;5;1;2;0
161;6;0;0;2
161;7;0;0;2
161;8;0;0;2
161;9;NA;NA;NA
161;10;NA;NA;NA
161;11;NA;NA;NA
161;12;NA;NA;NA
161;13;NA;NA;NA
161;14;NA;NA;NA
162;1;0;2;0
162;2;0;2;0
162;3;0;2;0
162;4;0;2;0
162;5;1;2;0
162;6;0;0;2
162;7;0;0;2
162;8;0;0;2
162;9;NA;NA;NA
162;10;NA;NA;NA
162;11;NA;NA;NA
162;12;NA;NA;NA
162;13;NA;NA;NA
162;14;NA;NA;NA
163;1;1;2;0
163;2;1;2;0
163;3;0;0;2
163;4;0;2;0
163;5;0;2;0
163;6;0;0;2
163;7;0;0;2
163;8;0;0;2
163;9;0;0;2
163;10;0;0;2
163;11;NA;NA;NA
163;12;NA;NA;NA
163;13;NA;NA;NA
163;14;NA;NA;NA
164;1;1;2;0
164;2;1;2;0
164;3;1;2;0
164;4;1;2;0
164;5;1;2;0
164;6;1;0;2
164;7;0;0;2
164;8;0;0;2
164;9;NA;NA;NA
164;10;NA;NA;NA
164;11;NA;NA;NA
164;12;NA;NA;NA
164;13;NA;NA;NA
164;14;NA;NA;NA
165;1;0;0;2
165;2;0;0;2
165;3;0;2;0
165;4;0;0;2
165;5;0;0;2
165;6;0;2;0
165;7;0;2;0
165;8;NA;NA;NA
165;9;NA;NA;NA
165;10;NA;NA;NA
165;11;NA;NA;NA
165;12;NA;NA;NA
165;13;NA;NA;NA
165;14;NA;NA;NA
166;1;0;0;2
166;2;0;1;1
166;3;0;0;2
166;4;0;0;2
166;5;0;2;0
166;6;0;2;0
166;7;0;0;2
166;8;NA;NA;NA
166;9;NA;NA;NA
166;10;NA;NA;NA
166;11;NA;NA;NA
166;12;NA;NA;NA
166;13;NA;NA;NA
166;14;NA;NA;NA
167;1;1;0;2
167;2;1;2;0
167;3;1;2;0
167;4;0;2;0
167;5;0;0;2
167;6;NA;NA;NA
167;7;NA;NA;NA
167;8;NA;NA;NA
167;9;NA;NA;NA
167;10;NA;NA;NA
167;11;NA;NA;NA
167;12;NA;NA;NA
167;13;NA;NA;NA
167;14;NA;NA;NA
168;1;0;2;0
168;2;0;0;2
168;3;0;0;2
168;4;NA;NA;NA
168;5;NA;NA;NA
168;6;NA;NA;NA
168;7;NA;NA;NA
168;8;NA;NA;NA
168;9;NA;NA;NA
168;10;NA;NA;NA
168;11;NA;NA;NA
168;12;NA;NA;NA
168;13;NA;NA;NA
168;14;NA;NA;NA
169;1;0;0;2
169;2;0;0;2
169;3;0;0;2
169;4;0;0;2
169;5;0;0;2
169;6;0;0;2
169;7;NA;NA;NA
169;8;NA;NA;NA
169;9;NA;NA;NA
169;10;NA;NA;NA
169;11;NA;NA;NA
169;12;NA;NA;NA
169;13;NA;NA;NA
169;14;NA;NA;NA
170;1;1;2;0
170;2;1;2;0
170;3;1;2;0
170;4;0;2;0
170;5;1;2;0
170;6;0;0;2
170;7;0;0;2
170;8;0;0;2
170;9;0;0;2
170;10;0;0;2
170;11;0;0;2
170;12;NA;NA;NA
170;13;NA;NA;NA
170;14;NA;NA;NA
171;1;0;2;0
171;2;0;2;0
171;3;0;2;0
171;4;0;0;2
171;5;0;1;1
171;6;0;0;2
171;7;NA;NA;NA
171;8;NA;NA;NA
171;9;NA;NA;NA
171;10;NA;NA;NA
171;11;NA;NA;NA
171;12;NA;NA;NA
171;13;NA;NA;NA
171;14;NA;NA;NA
172;1;0;0;2
172;2;0;0;2
172;3;0;0;2
172;4;0;0;2
172;5;0;0;2
172;6;0;0;2
172;7;NA;NA;NA
172;8;NA;NA;NA
172;9;NA;NA;NA
172;10;NA;NA;NA
172;11;NA;NA;NA
172;12;NA;NA;NA
172;13;NA;NA;NA
172;14;NA;NA;NA
173;1;0;0;2
173;2;0;2;0
173;3;1;2;0
173;4;1;0;2
173;5;0;0;2
173;6;0;0;2
173;7;0;0;2
173;8;NA;NA;NA
173;9;NA;NA;NA
173;10;NA;NA;NA
173;11;NA;NA;NA
173;12;NA;NA;NA
173;13;NA;NA;NA
173;14;NA;NA;NA
174;1;0;0;2
174;2;0;2;0
174;3;0;2;0
174;4;1;2;0
174;5;0;0;2
174;6;1;0;2
174;7;NA;NA;NA
174;8;NA;NA;NA
174;9;NA;NA;NA
174;10;NA;NA;NA
174;11;NA;NA;NA
174;12;NA;NA;NA
174;13;NA;NA;NA
174;14;NA;NA;NA
175;1;0;2;0
175;2;0;2;0
175;3;0;0;2
175;4;0;0;2
175;5;0;0;2
175;6;NA;NA;NA
175;7;NA;NA;NA
175;8;NA;NA;NA
175;9;NA;NA;NA
175;10;NA;NA;NA
175;11;NA;NA;NA
175;12;NA;NA;NA
175;13;NA;NA;NA
175;14;NA;NA;NA
176;1;0;2;0
176;2;1;2;0
176;3;0;2;0
176;4;0;0;2
176;5;NA;NA;NA
176;6;NA;NA;NA
176;7;NA;NA;NA
176;8;NA;NA;NA
176;9;NA;NA;NA
176;10;NA;NA;NA
176;11;NA;NA;NA
176;12;NA;NA;NA
176;13;NA;NA;NA
176;14;NA;NA;NA
177;1;0;2;0
177;2;0;0;2
177;3;0;0;2
177;4;NA;NA;NA
177;5;NA;NA;NA
177;6;NA;NA;NA
177;7;NA;NA;NA
177;8;NA;NA;NA
177;9;NA;NA;NA
177;10;NA;NA;NA
177;11;NA;NA;NA
177;12;NA;NA;NA
177;13;NA;NA;NA
177;14;NA;NA;NA
178;1;0;0;2
178;2;1;2;0
178;3;0;2;0
178;4;0;0;2
178;5;0;0;2
178;6;0;0;2
178;7;0;2;0
178;8;1;0;2
178;9;NA;NA;NA
178;10;NA;NA;NA
178;11;NA;NA;NA
178;12;NA;NA;NA
178;13;NA;NA;NA
178;14;NA;NA;NA
179;1;1;2;0
179;2;0;0;2
179;3;0;0;2
179;4;0;0;2
179;5;NA;NA;NA
179;6;NA;NA;NA
179;7;NA;NA;NA
179;8;NA;NA;NA
179;9;NA;NA;NA
179;10;NA;NA;NA
179;11;NA;NA;NA
179;12;NA;NA;NA
179;13;NA;NA;NA
179;14;NA;NA;NA
180;1;1;2;0
180;2;0;2;0
180;3;0;2;0
180;4;0;2;0
180;5;1;2;0
180;6;1;2;0
180;7;1;2;0
180;8;1;2;0
180;9;1;2;0
180;10;0;0;2
180;11;0;0;2
180;12;0;0;2
180;13;NA;NA;NA
180;14;NA;NA;NA
181;1;0;0;2
181;2;0;0;2
181;3;0;0;2
181;4;0;0;2
181;5;NA;NA;NA
181;6;NA;NA;NA
181;7;NA;NA;NA
181;8;NA;NA;NA
181;9;NA;NA;NA
181;10;NA;NA;NA
181;11;NA;NA;NA
181;12;NA;NA;NA
181;13;NA;NA;NA
181;14;NA;NA;NA
182;1;0;0;2
182;2;0;0;2
182;3;0;0;2
182;4;0;0;2
182;5;NA;NA;NA
182;6;NA;NA;NA
182;7;NA;NA;NA
182;8;NA;NA;NA
182;9;NA;NA;NA
182;10;NA;NA;NA
182;11;NA;NA;NA
182;12;NA;NA;NA
182;13;NA;NA;NA
182;14;NA;NA;NA
183;1;1;2;0
183;2;0;0;2
183;3;1;2;0
183;4;0;0;2
183;5;NA;NA;NA
183;6;NA;NA;NA
183;7;NA;NA;NA
183;8;NA;NA;NA
183;9;NA;NA;NA
183;10;NA;NA;NA
183;11;NA;NA;NA
183;12;NA;NA;NA
183;13;NA;NA;NA
183;14;NA;NA;NA
184;1;0;0;2
184;2;0;0;2
184;3;0;0;2
184;4;NA;NA;NA
184;5;NA;NA;NA
184;6;NA;NA;NA
184;7;NA;NA;NA
184;8;NA;NA;NA
184;9;NA;NA;NA
184;10;NA;NA;NA
184;11;NA;NA;NA
184;12;NA;NA;NA
184;13;NA;NA;NA
184;14;NA;NA;NA
185;1;0;;2
185;2;0;;2
185;3;0;;2
185;4;0;;2
185;5;NA;NA;NA
185;6;NA;NA;NA
185;7;NA;NA;NA
185;8;NA;NA;NA
185;9;NA;NA;NA
185;10;NA;NA;NA
185;11;NA;NA;NA
185;12;NA;NA;NA
185;13;NA;NA;NA
185;14;NA;NA;NA
186;1;0;2;0
186;2;0;0;2
186;3;0;0;2
186;4;0;0;2
186;5;0;0;2
186;6;0;0;2
186;7;NA;NA;NA
186;8;NA;NA;NA
186;9;NA;NA;NA
186;10;NA;NA;NA
186;11;NA;NA;NA
186;12;NA;NA;NA
186;13;NA;NA;NA
186;14;NA;NA;NA
187;1;0;0;2
187;2;0;0;2
187;3;1;2;0
187;4;0;0;2
187;5;0;0;2
187;6;0;0;2
187;7;0;0;2
187;8;0;0;2
187;9;NA;NA;NA
187;10;NA;NA;NA
187;11;NA;NA;NA
187;12;NA;NA;NA
187;13;NA;NA;NA
187;14;NA;NA;NA
188;1;0;2;0
188;2;0;0;2
188;3;0;0;2
188;4;0;0;2
188;5;0;0;2
188;6;0;0;2
188;7;NA;NA;NA
188;8;NA;NA;NA
188;9;NA;NA;NA
188;10;NA;NA;NA
188;11;NA;NA;NA
188;12;NA;NA;NA
188;13;NA;NA;NA
188;14;NA;NA;NA
189;1;0;1;1
189;2;1;2;0
189;3;0;2;0
189;4;0;0;2
189;5;0;2;0
189;6;1;2;0
189;7;0;0;2
189;8;0;0;2
189;9;0;0;2
189;10;0;1;1
189;11;0;0;2
189;12;0;0;2
189;13;NA;NA;NA
189;14;NA;NA;NA
190;1;1;2;0
190;2;0;2;0
190;3;0;0;2
190;4;0;2;0
190;5;0;0;2
190;6;1;0;2
190;7;0;0;2
190;8;NA;NA;NA
190;9;NA;NA;NA
190;10;NA;NA;NA
190;11;NA;NA;NA
190;12;NA;NA;NA
190;13;NA;NA;NA
190;14;NA;NA;NA
191;1;1;0;2
191;2;1;2;0
191;3;1;2;0
191;4;1;2;0
191;5;1;2;0
191;6;1;2;0
191;7;0;0;2
191;8;0;0;2
191;9;NA;NA;NA
191;10;NA;NA;NA
191;11;NA;NA;NA
191;12;NA;NA;NA
191;13;NA;NA;NA
191;14;NA;NA;NA
192;1;0;2;0
192;2;0;2;0
192;3;0;0;2
192;4;0;0;2
192;5;NA;NA;NA
192;6;NA;NA;NA
192;7;NA;NA;NA
192;8;NA;NA;NA
192;9;NA;NA;NA
192;10;NA;NA;NA
192;11;NA;NA;NA
192;12;NA;NA;NA
192;13;NA;NA;NA
192;14;NA;NA;NA
193;1;1;1;1
193;2;0;0;2
193;3;0;0;2
193;4;NA;NA;NA
193;5;NA;NA;NA
193;6;NA;NA;NA
193;7;NA;NA;NA
193;8;NA;NA;NA
193;9;NA;NA;NA
193;10;NA;NA;NA
193;11;NA;NA;NA
193;12;NA;NA;NA
193;13;NA;NA;NA
193;14;NA;NA;NA
194;1;0;2;0
194;2;0;0;2
194;3;0;0;2
194;4;0;0;2
194;5;0;0;2
194;6;NA;NA;NA
194;7;NA;NA;NA
194;8;NA;NA;NA
194;9;NA;NA;NA
194;10;NA;NA;NA
194;11;NA;NA;NA
194;12;NA;NA;NA
194;13;NA;NA;NA
194;14;NA;NA;NA
195;1;NA;NA;NA
195;2;0;0;2
195;3;0;0;2
195;4;0;0;2
195;5;0;0;2
195;6;0;0;2
195;7;0;0;2
195;8;NA;NA;NA
195;9;NA;NA;NA
195;10;NA;NA;NA
195;11;NA;NA;NA
195;12;NA;NA;NA
195;13;NA;NA;NA
195;14;NA;NA;NA
196;1;1;1;1
196;2;0;0;2
196;3;0;0;2
196;4;NA;NA;NA
196;5;NA;NA;NA
196;6;NA;NA;NA
196;7;NA;NA;NA
196;8;NA;NA;NA
196;9;NA;NA;NA
196;10;NA;NA;NA
196;11;NA;NA;NA
196;12;NA;NA;NA
196;13;NA;NA;NA
196;14;NA;NA;NA
197;1;1;2;0
197;2;0;0;2
197;3;0;0;2
197;4;0;0;2
197;5;NA;NA;NA
197;6;NA;NA;NA
197;7;NA;NA;NA
197;8;NA;NA;NA
197;9;NA;NA;NA
197;10;NA;NA;NA
197;11;NA;NA;NA
197;12;NA;NA;NA
197;13;NA;NA;NA
197;14;NA;NA;NA
198;1;0;0;2
198;2;0;0;2
198;3;0;0;2
198;4;0;0;2
198;5;0;0;2
198;6;NA;NA;NA
198;7;NA;NA;NA
198;8;NA;NA;NA
198;9;NA;NA;NA
198;10;NA;NA;NA
198;11;NA;NA;NA
198;12;NA;NA;NA
198;13;NA;NA;NA
198;14;NA;NA;NA
199;1;0;1;1
199;2;1;0;2
199;3;1;1;1
199;4;1;2;0
199;5;0;0;2
199;6;1;0;2
199;7;1;0;2
199;8;0;0;2
199;9;0;0;2
199;10;NA;NA;NA
199;11;NA;NA;NA
199;12;NA;NA;NA
199;13;NA;NA;NA
199;14;NA;NA;NA
200;1;0;0;2
200;2;0;0;2
200;3;0;0;2
200;4;NA;NA;NA
200;5;NA;NA;NA
200;6;NA;NA;NA
200;7;NA;NA;NA
200;8;NA;NA;NA
200;9;NA;NA;NA
200;10;NA;NA;NA
200;11;NA;NA;NA
200;12;NA;NA;NA
200;13;NA;NA;NA
200;14;NA;NA;NA
201;1;1;2;0
201;2;0;1;1
201;3;0;0;2
201;4;1;1;1
201;5;0;0;2
201;6;NA;NA;NA
201;7;NA;NA;NA
201;8;NA;NA;NA
201;9;NA;NA;NA
201;10;NA;NA;NA
201;11;NA;NA;NA
201;12;NA;NA;NA
201;13;NA;NA;NA
201;14;NA;NA;NA
202;1;1;1;1
202;2;0;1;1
202;3;1;2;0
202;4;0;2;0
202;5;0;0;2
202;6;0;0;2
202;7;0;0;2
202;8;1;2;0
202;9;0;0;2
202;10;0;0;2
202;11;NA;NA;NA
202;12;NA;NA;NA
202;13;NA;NA;NA
202;14;NA;NA;NA
203;1;1;;2
203;2;0;;2
203;3;1;;2
203;4;0;;2
203;5;0;;2
203;6;0;;2
203;7;0;;2
203;8;0;;2
203;9;0;;2
203;10;NA;NA;NA
203;11;NA;NA;NA
203;12;NA;NA;NA
203;13;NA;NA;NA
203;14;NA;NA;NA
204;1;0;0;2
204;2;1;0;2
204;3;0;0;2
204;4;0;0;2
204;5;0;0;2
204;6;1;1;1
204;7;0;0;2
204;8;NA;NA ;NA
204;9;NA;NA;NA
204;10;NA;NA;NA
204;11;NA;NA;NA
204;12;NA;NA;NA
204;13;NA;NA;NA
204;14;NA;NA;NA
205;1;0;0;2
205;2;1;2;0
205;3;0;0;2
205;4;0;0;2
205;5;0;0;2
205;6;0;0;2
205;7;0;0;2
205;8;NA;NA;NA
205;9;NA;NA;NA
205;10;NA;NA;NA
205;11;NA;NA;NA
205;12;NA;NA;NA
205;13;NA;NA;NA
205;14;NA;NA;NA
206;1;1;0;2
206;2;1;0;2
206;3;0;0;2
206;4;0;0;2
206;5;0;0;2
206;6;1;0;2
206;7;NA;NA;NA
206;8;NA;NA;NA
206;9;NA;NA;NA
206;10;NA;NA;NA
206;11;NA;NA;NA
206;12;NA;NA;NA
206;13;NA;NA;NA
206;14;NA;NA;NA
207;1;0;0;2
207;2;1;0;2
207;3;0;0;2
207;4;1;0;2
207;5;0;0;2
207;6;0;0;2
207;7;0;0;2
207;8;0;0;2
207;9;NA;NA;NA
207;10;NA;NA;NA
207;11;NA;NA;NA
207;12;NA;NA;NA
207;13;NA;NA;NA
207;14;NA;NA;NA
208;1;0;;2
208;2;0;;2
208;3;1;;2
208;4;0;;2
208;5;0;;2
208;6;0;;2
208;7;NA;NA;NA
208;8;NA;NA;NA
208;9;NA;NA;NA
208;10;NA;NA;NA
208;11;NA;NA;NA
208;12;NA;NA;NA
208;13;NA;NA;NA
208;14;NA;NA;NA
209;1;0;2;0
209;2;0;2;0
209;3;0;2;0
209;4;0;2;0
209;5;1;2;0
209;6;0;2;0
209;7;0;2;0
209;8;0;0;2
209;9;0;0;2
209;10;0;2;0
209;11;0;0;2
209;12;0;0;2
209;13;0;0;2
209;14;0;0;2
210;1;0;2;0
210;2;1;2;0
210;3;1;2;0
210;4;0;2;0
210;5;1;2;0
210;6;1;2;0
210;7;0;2;0
210;8;0;2;0
210;9;0;0;2
210;10;0;2;0
210;11;0;0;2
210;12;0;0;2
210;13;0;0;2
210;14;NA;NA ;NA
211;1;0;2;0
211;2;0;2;0
211;3;0;2;0
211;4;1;2;0
211;5;0;2;0
211;6;1;2;0
211;7;1;2;0
211;8;0;0;2
211;9;0;2;0
211;10;0;0;2
211;11;NA;NA;NA
211;12;NA;NA;NA
211;13;NA;NA;NA
211;14;NA;NA;NA
212;1;1;2;0
212;2;0;2;0
212;3;0;0;2
212;4;0;2;0
212;5;0;0;2
212;6;NA;NA ;NA
212;7;NA;NA ;NA
212;8;NA;NA;NA
212;9;NA;NA;NA
212;10;NA;NA;NA
212;11;NA;NA;NA
212;12;NA;NA;NA
212;13;NA;NA;NA
212;14;NA;NA;NA
213;1;0;1;1
213;2;1;2;0
213;3;0;1;1
213;4;0;2;0
213;5;0;2;0
213;6;0;0;2
213;7;0;0;2
213;8;NA;NA;NA
213;9;NA;NA;NA
213;10;NA;NA;NA
213;11;NA;NA;NA
213;12;NA;NA;NA
213;13;NA;NA;NA
213;14;NA;NA;NA
214;1;1;2;0
214;2;0;2;0
214;3;0;2;0
214;4;0;0;2
214;5;0;0;2
214;6;NA;NA;NA
214;7;NA;NA;NA
214;8;NA;NA;NA
214;9;NA;NA;NA
214;10;NA;NA;NA
214;11;NA;NA;NA
214;12;NA;NA;NA
214;13;NA;NA;NA
214;14;NA;NA;NA
215;1;1;NA;NA
215;2;1;NA;NA
215;3;1;NA;NA
215;4;1;NA;NA
215;5;0;;2
215;6;0;;2
215;7;0;NA;NA
215;8;0;;2
215;9;NA;NA;NA
215;10;NA;NA;NA
215;11;NA;NA;NA
215;12;NA;NA;NA
215;13;NA;NA;NA
215;14;NA;NA;NA
216;1;0;0;2
216;2;0;0;2
216;3;NA;NA;NA
216;4;NA;NA;NA
216;5;NA;NA;NA
216;6;NA;NA;NA
216;7;NA;NA;NA
216;8;NA;NA;NA
216;9;NA;NA;NA
216;10;NA;NA;NA
216;11;NA;NA;NA
216;12;NA;NA;NA
216;13;NA;NA;NA
216;14;NA;NA;NA
217;1;0;0;2
217;2;0;0;2
217;3;0;0;2
217;4;0;0;2
217;5;NA;NA ;NA
217;6;NA;NA ;NA
217;7;NA;NA ;NA
217;8;NA;NA ;NA
217;9;NA;NA ;NA
217;10;NA;NA;NA
217;11;NA;NA;NA
217;12;NA;NA;NA
217;13;NA;NA;NA
217;14;NA;NA;NA
218;1;1;2;0
218;2;1;2;0
218;3;1;2;0
218;4;NA;NA;NA
218;5;NA;NA;NA
218;6;NA;NA;NA
218;7;NA;NA;NA
218;8;NA;NA;NA
218;9;NA;NA;NA
218;10;NA;NA;NA
218;11;NA;NA;NA
218;12;NA;NA;NA
218;13;NA;NA;NA
218;14;NA;NA;NA
219;1;1;1;1
219;2;1;1;1
219;3;1;0;2
219;4;0;0;2
219;5;0;0;2
219;6;0;0;2
219;7;NA;NA;NA
219;8;NA;NA;NA
219;9;NA;NA;NA
219;10;NA;NA;NA
219;11;NA;NA;NA
219;12;NA;NA;NA
219;13;NA;NA;NA
219;14;NA;NA;NA
220;1;0;0;2
220;2;1;2;0
220;3;1;2;0
220;4;1;2;0
220;5;1;1;1
220;6;0;2;0
220;7;1;2;0
220;8;1;2;0
220;9;0;0;2
220;10;0;0;2
220;11;NA;NA;NA
220;12;NA;NA;NA
220;13;NA;NA;NA
220;14;NA;NA;NA
221;1;1;2;0
221;2;0;2;0
221;3;0;2;0
221;4;0;2;0
221;5;0;1;1
221;6;0;0;2
221;7;NA;NA;NA
221;8;NA;NA;NA
221;9;NA;NA;NA
221;10;NA;NA;NA
221;11;NA;NA;NA
221;12;NA;NA;NA
221;13;NA;NA;NA
221;14;NA;NA;NA
222;1;1;2;0
222;2;1;2;0
222;3;0;2;0
222;4;1;2;0
222;5;1;2;0
222;6;1;2;0
222;7;0;0;2
222;8;NA;NA;NA
222;9;NA;NA;NA
222;10;NA;NA;NA
222;11;NA;NA;NA
222;12;NA;NA;NA
222;13;NA;NA;NA
222;14;NA;NA;NA
223;1;0;0;2
223;2;0;0;2
223;3;0;0;2
223;4;0;0;2
223;5;0;0;2
223;6;NA;NA;NA
223;7;NA;NA;NA
223;8;NA;NA;NA
223;9;NA;NA;NA
223;10;NA;NA;NA
223;11;NA;NA;NA
223;12;NA;NA;NA
223;13;NA;NA;NA
223;14;NA;NA;NA
224;1;0;0;2
224;2;0;0;2
224;3;0;0;2
224;4;0;0;2
224;5;0;0;2
224;6;NA;NA;NA
224;7;NA;NA;NA
224;8;NA;NA;NA
224;9;NA;NA;NA
224;10;NA;NA;NA
224;11;NA;NA;NA
224;12;NA;NA;NA
224;13;NA;NA;NA
224;14;NA;NA;NA
225;1;0;0;2
225;2;0;0;2
225;3;0;0;2
225;4;0;0;2
225;5;NA;NA;NA
225;6;NA;NA;NA
225;7;NA;NA;NA
225;8;NA;NA;NA
225;9;NA;NA;NA
225;10;NA;NA;NA
225;11;NA;NA;NA
225;12;NA;NA;NA
225;13;NA;NA;NA
225;14;NA;NA;NA
226;1;0;0;2
226;2;0;0;2
226;3;NA;NA;NA
226;4;NA;NA;NA
226;5;NA;NA;NA
226;6;NA;NA;NA
226;7;NA;NA;NA
226;8;NA;NA;NA
226;9;NA;NA;NA
226;10;NA;NA;NA
226;11;NA;NA;NA
226;12;NA;NA;NA
226;13;NA;NA;NA
226;14;NA;NA;NA
227;1;0;2;0
227;2;0;2;0
227;3;0;2;0
227;4;0;1;1
227;5;0;0;2
227;6;NA;NA;NA
227;7;NA;NA;NA
227;8;NA;NA;NA
227;9;NA;NA;NA
227;10;NA;NA;NA
227;11;NA;NA;NA
227;12;NA;NA;NA
227;13;NA;NA;NA
227;14;NA;NA;NA
228;1;0;0;2
228;2;0;0;2
228;3;0;0;2
228;4;0;0;2
228;5;0;0;2
228;6;0;0;2
228;7;NA;NA;NA
228;8;NA;NA;NA
228;9;NA;NA;NA
228;10;NA;NA;NA
228;11;NA;NA;NA
228;12;NA;NA;NA
228;13;NA;NA;NA
228;14;NA;NA;NA
229;1;1;2;0
229;2;1;0;2
229;3;0;0;2
229;4;0;0;2
229;5;0;0;2
229;6;0;0;2
229;7;0;0;2
229;8;0;0;2
229;9;NA;NA;NA
229;10;NA;NA;NA
229;11;NA;NA;NA
229;12;NA;NA;NA
229;13;NA;NA;NA
229;14;NA;NA;NA
230;1;0;0;2
230;2;0;0;2
230;3;NA;NA;NA
230;4;NA;NA;NA
230;5;NA;NA;NA
230;6;NA;NA;NA
230;7;NA;NA;NA
230;8;NA;NA;NA
230;9;NA;NA;NA
230;10;NA;NA;NA
230;11;NA;NA;NA
230;12;NA;NA;NA
230;13;NA;NA;NA
230;14;NA;NA;NA
231;1;0;0;2
231;2;0;0;2
231;3;0;0;2
231;4;0;0;2
231;5;NA;NA;NA
231;6;NA;NA;NA
231;7;NA;NA;NA
231;8;NA;NA;NA
231;9;NA;NA;NA
231;10;NA;NA;NA
231;11;NA;NA;NA
231;12;NA;NA;NA
231;13;NA;NA;NA
231;14;NA;NA;NA
232;1;0;0;2
232;2;0;0;2
232;3;0;0;2
232;4;0;0;2
232;5;NA;NA;NA
232;6;NA;NA;NA
232;7;NA;NA;NA
232;8;NA;NA;NA
232;9;NA;NA;NA
232;10;NA;NA;NA
232;11;NA;NA;NA
232;12;NA;NA;NA
232;13;NA;NA;NA
232;14;NA;NA;NA
233;1;0;0;2
233;2;0;0;2
233;3;0;0;2
233;4;0;0;2
233;5;0;0;2
233;6;NA;NA;NA
233;7;NA;NA;NA
233;8;NA;NA;NA
233;9;NA;NA;NA
233;10;NA;NA;NA
233;11;NA;NA;NA
233;12;NA;NA;NA
233;13;NA;NA;NA
233;14;NA;NA;NA
234;1;1;2;0
234;2;0;2;0
234;3;0;2;0
234;4;0;0;2
234;5;NA;NA;NA
234;6;NA;NA;NA
234;7;NA;NA;NA
234;8;NA;NA;NA
234;9;NA;NA;NA
234;10;NA;NA;NA
234;11;NA;NA;NA
234;12;NA;NA;NA
234;13;NA;NA;NA
234;14;NA;NA;NA
235;1;1;1;1
235;2;1;2;0
235;3;1;2;0
235;4;1;1;1
235;5;0;0;2
235;6;0;2;0
235;7;NA;NA;NA
235;8;NA;NA;NA
235;9;NA;NA;NA
235;10;NA;NA;NA
235;11;NA;NA;NA
235;12;NA;NA;NA
235;13;NA;NA;NA
235;14;NA;NA;NA
236;1;0;2;0
236;2;0;2;0
236;3;1;2;0
236;4;0;2;0
236;5;1;2;0
236;6;0;2;0
236;7;0;2;0
236;8;1;1;1
236;9;NA;NA;NA
236;10;NA;NA;NA
236;11;NA;NA;NA
236;12;NA;NA;NA
236;13;NA;NA;NA
236;14;NA;NA;NA
